id,nome,categoria,preco,idade_min,idade_max,genero,ocasiao,tags
1,Fone de ouvido bluetooth – Linha Básica,Tecnologia,75,12,99,Unissex,Aniversário;Amigo Secreto;Natal,tecnologia;musica;jogos;fitness
2,Fone de ouvido bluetooth – Linha Essencial,Tecnologia,98,12,99,Unissex,Aniversário;Amigo Secreto;Natal,tecnologia;musica;jogos;fitness
3,Fone de ouvido bluetooth – Versão Compacta,Tecnologia,120,12,99,Unissex,Aniversário;Amigo Secreto;Natal,tecnologia;musica;jogos;fitness
4,Fone de ouvido bluetooth – Edição Padrão,Tecnologia,150,12,99,Unissex,Aniversário;Amigo Secreto;Natal,tecnologia;musica;jogos;fitness
5,Fone de ouvido bluetooth – Linha Premium,Tecnologia,180,12,99,Unissex,Aniversário;Amigo Secreto;Natal,tecnologia;musica;jogos;fitness
6,Fone de ouvido bluetooth – Versão Pro,Tecnologia,210,12,99,Unissex,Aniversário;Amigo Secreto;Natal,tecnologia;musica;jogos;fitness
7,Fone de ouvido bluetooth – Edição Limitada,Tecnologia,248,12,99,Unissex,Aniversário;Amigo Secreto;Natal,tecnologia;musica;jogos;fitness
8,Smartwatch fitness – Linha Básica,Tecnologia,325,16,65,Unissex,Aniversário;Natal;Formatura,tecnologia;fitness;esportes;bem-estar
9,Smartwatch fitness – Linha Essencial,Tecnologia,422,16,65,Unissex,Aniversário;Natal;Formatura,tecnologia;fitness;esportes;bem-estar
10,Smartwatch fitness – Versão Compacta,Tecnologia,520,16,65,Unissex,Aniversário;Natal;Formatura,tecnologia;fitness;esportes;bem-estar
11,Smartwatch fitness – Edição Padrão,Tecnologia,650,16,65,Unissex,Aniversário;Natal;Formatura,tecnologia;fitness;esportes;bem-estar
12,Smartwatch fitness – Linha Premium,Tecnologia,780,16,65,Unissex,Aniversário;Natal;Formatura,tecnologia;fitness;esportes;bem-estar
13,Smartwatch fitness – Versão Pro,Tecnologia,910,16,65,Unissex,Aniversário;Natal;Formatura,tecnologia;fitness;esportes;bem-estar
14,Smartwatch fitness – Edição Limitada,Tecnologia,1072,16,65,Unissex,Aniversário;Natal;Formatura,tecnologia;fitness;esportes;bem-estar
15,Caixa de som portátil – Linha Básica,Tecnologia,110,12,99,Unissex,Aniversário;Amigo Secreto;Natal,tecnologia;musica;viagem;jogos
16,Caixa de som portátil – Linha Essencial,Tecnologia,143,12,99,Unissex,Aniversário;Amigo Secreto;Natal,tecnologia;musica;viagem;jogos
17,Caixa de som portátil – Versão Compacta,Tecnologia,176,12,99,Unissex,Aniversário;Amigo Secreto;Natal,tecnologia;musica;viagem;jogos
18,Caixa de som portátil – Edição Padrão,Tecnologia,220,12,99,Unissex,Aniversário;Amigo Secreto;Natal,tecnologia;musica;viagem;jogos
19,Caixa de som portátil – Linha Premium,Tecnologia,264,12,99,Unissex,Aniversário;Amigo Secreto;Natal,tecnologia;musica;viagem;jogos
20,Caixa de som portátil – Versão Pro,Tecnologia,308,12,99,Unissex,Aniversário;Amigo Secreto;Natal,tecnologia;musica;viagem;jogos
21,Caixa de som portátil – Edição Limitada,Tecnologia,363,12,99,Unissex,Aniversário;Amigo Secreto;Natal,tecnologia;musica;viagem;jogos
22,Câmera instantânea – Linha Básica,Tecnologia,175,14,60,Unissex,Aniversário;Natal;Formatura,tecnologia;fotografia;viagem;arte
23,Câmera instantânea – Linha Essencial,Tecnologia,228,14,60,Unissex,Aniversário;Natal;Formatura,tecnologia;fotografia;viagem;arte
24,Câmera instantânea – Versão Compacta,Tecnologia,280,14,60,Unissex,Aniversário;Natal;Formatura,tecnologia;fotografia;viagem;arte
25,Câmera instantânea – Edição Padrão,Tecnologia,350,14,60,Unissex,Aniversário;Natal;Formatura,tecnologia;fotografia;viagem;arte
26,Câmera instantânea – Linha Premium,Tecnologia,420,14,60,Unissex,Aniversário;Natal;Formatura,tecnologia;fotografia;viagem;arte
27,Câmera instantânea – Versão Pro,Tecnologia,490,14,60,Unissex,Aniversário;Natal;Formatura,tecnologia;fotografia;viagem;arte
28,Câmera instantânea – Edição Limitada,Tecnologia,578,14,60,Unissex,Aniversário;Natal;Formatura,tecnologia;fotografia;viagem;arte
29,Drone com câmera – Linha Básica,Tecnologia,450,16,50,Masculino,Aniversário;Natal,tecnologia;fotografia;viagem;jogos
30,Drone com câmera – Linha Essencial,Tecnologia,585,16,50,Masculino,Aniversário;Natal,tecnologia;fotografia;viagem;jogos
31,Drone com câmera – Versão Compacta,Tecnologia,720,16,50,Masculino,Aniversário;Natal,tecnologia;fotografia;viagem;jogos
32,Drone com câmera – Edição Padrão,Tecnologia,900,16,50,Masculino,Aniversário;Natal,tecnologia;fotografia;viagem;jogos
33,Drone com câmera – Linha Premium,Tecnologia,1080,16,50,Masculino,Aniversário;Natal,tecnologia;fotografia;viagem;jogos
34,Drone com câmera – Versão Pro,Tecnologia,1260,16,50,Masculino,Aniversário;Natal,tecnologia;fotografia;viagem;jogos
35,Drone com câmera – Edição Limitada,Tecnologia,1485,16,50,Masculino,Aniversário;Natal,tecnologia;fotografia;viagem;jogos
36,Console portátil de videogame – Linha Básica,Tecnologia,650,10,40,Unissex,Aniversário;Natal,tecnologia;jogos;viagem
37,Console portátil de videogame – Linha Essencial,Tecnologia,845,10,40,Unissex,Aniversário;Natal,tecnologia;jogos;viagem
38,Console portátil de videogame – Versão Compacta,Tecnologia,1040,10,40,Unissex,Aniversário;Natal,tecnologia;jogos;viagem
39,Console portátil de videogame – Edição Padrão,Tecnologia,1300,10,40,Unissex,Aniversário;Natal,tecnologia;jogos;viagem
40,Console portátil de videogame – Linha Premium,Tecnologia,1560,10,40,Unissex,Aniversário;Natal,tecnologia;jogos;viagem
41,Console portátil de videogame – Versão Pro,Tecnologia,1820,10,40,Unissex,Aniversário;Natal,tecnologia;jogos;viagem
42,Console portátil de videogame – Edição Limitada,Tecnologia,2145,10,40,Unissex,Aniversário;Natal,tecnologia;jogos;viagem
43,Box coleção ficção científica – Linha Básica,Livros,90,14,99,Unissex,Aniversário;Amigo Secreto;Natal,leitura;arte;tecnologia
44,Box coleção ficção científica – Linha Essencial,Livros,117,14,99,Unissex,Aniversário;Amigo Secreto;Natal,leitura;arte;tecnologia
45,Box coleção ficção científica – Versão Compacta,Livros,144,14,99,Unissex,Aniversário;Amigo Secreto;Natal,leitura;arte;tecnologia
46,Box coleção ficção científica – Edição Padrão,Livros,180,14,99,Unissex,Aniversário;Amigo Secreto;Natal,leitura;arte;tecnologia
47,Box coleção ficção científica – Linha Premium,Livros,216,14,99,Unissex,Aniversário;Amigo Secreto;Natal,leitura;arte;tecnologia
48,Box coleção ficção científica – Versão Pro,Livros,252,14,99,Unissex,Aniversário;Amigo Secreto;Natal,leitura;arte;tecnologia
49,Box coleção ficção científica – Edição Limitada,Livros,297,14,99,Unissex,Aniversário;Amigo Secreto;Natal,leitura;arte;tecnologia
50,Livro de poesia contemporânea – Linha Básica,Livros,30,16,99,Feminino,Aniversário;Amigo Secreto;Dia dos Namorados,leitura;arte;musica
51,Livro de poesia contemporânea – Linha Essencial,Livros,39,16,99,Feminino,Aniversário;Amigo Secreto;Dia dos Namorados,leitura;arte;musica
52,Livro de poesia contemporânea – Versão Compacta,Livros,48,16,99,Feminino,Aniversário;Amigo Secreto;Dia dos Namorados,leitura;arte;musica
53,Livro de poesia contemporânea – Edição Padrão,Livros,60,16,99,Feminino,Aniversário;Amigo Secreto;Dia dos Namorados,leitura;arte;musica
54,Livro de poesia contemporânea – Linha Premium,Livros,72,16,99,Feminino,Aniversário;Amigo Secreto;Dia dos Namorados,leitura;arte;musica
55,Livro de poesia contemporânea – Versão Pro,Livros,84,16,99,Feminino,Aniversário;Amigo Secreto;Dia dos Namorados,leitura;arte;musica
56,Livro de poesia contemporânea – Edição Limitada,Livros,99,16,99,Feminino,Aniversário;Amigo Secreto;Dia dos Namorados,leitura;arte;musica
57,Romance best-seller – Linha Básica,Livros,28,14,99,Unissex,Aniversário;Amigo Secreto;Natal,leitura;arte
58,Romance best-seller – Linha Essencial,Livros,36,14,99,Unissex,Aniversário;Amigo Secreto;Natal,leitura;arte
59,Romance best-seller – Versão Compacta,Livros,44,14,99,Unissex,Aniversário;Amigo Secreto;Natal,leitura;arte
60,Romance best-seller – Edição Padrão,Livros,55,14,99,Unissex,Aniversário;Amigo Secreto;Natal,leitura;arte
61,Romance best-seller – Linha Premium,Livros,66,14,99,Unissex,Aniversário;Amigo Secreto;Natal,leitura;arte
62,Romance best-seller – Versão Pro,Livros,77,14,99,Unissex,Aniversário;Amigo Secreto;Natal,leitura;arte
63,Romance best-seller – Edição Limitada,Livros,91,14,99,Unissex,Aniversário;Amigo Secreto;Natal,leitura;arte
64,Livro de receitas gourmet – Linha Básica,Livros,45,18,99,Unissex,Aniversário;Natal;Dia das Mães,leitura;culinaria;vinho;cafe
65,Livro de receitas gourmet – Linha Essencial,Livros,58,18,99,Unissex,Aniversário;Natal;Dia das Mães,leitura;culinaria;vinho;cafe
66,Livro de receitas gourmet – Versão Compacta,Livros,72,18,99,Unissex,Aniversário;Natal;Dia das Mães,leitura;culinaria;vinho;cafe
67,Livro de receitas gourmet – Edição Padrão,Livros,90,18,99,Unissex,Aniversário;Natal;Dia das Mães,leitura;culinaria;vinho;cafe
68,Livro de receitas gourmet – Linha Premium,Livros,108,18,99,Unissex,Aniversário;Natal;Dia das Mães,leitura;culinaria;vinho;cafe
69,Livro de receitas gourmet – Versão Pro,Livros,126,18,99,Unissex,Aniversário;Natal;Dia das Mães,leitura;culinaria;vinho;cafe
70,Livro de receitas gourmet – Edição Limitada,Livros,148,18,99,Unissex,Aniversário;Natal;Dia das Mães,leitura;culinaria;vinho;cafe
71,Biografia inspiradora – Linha Básica,Livros,35,18,99,Masculino,Aniversário;Dia dos Pais;Formatura,leitura;bem-estar;arte
72,Biografia inspiradora – Linha Essencial,Livros,46,18,99,Masculino,Aniversário;Dia dos Pais;Formatura,leitura;bem-estar;arte
73,Biografia inspiradora – Versão Compacta,Livros,56,18,99,Masculino,Aniversário;Dia dos Pais;Formatura,leitura;bem-estar;arte
74,Biografia inspiradora – Edição Padrão,Livros,70,18,99,Masculino,Aniversário;Dia dos Pais;Formatura,leitura;bem-estar;arte
75,Biografia inspiradora – Linha Premium,Livros,84,18,99,Masculino,Aniversário;Dia dos Pais;Formatura,leitura;bem-estar;arte
76,Biografia inspiradora – Versão Pro,Livros,98,18,99,Masculino,Aniversário;Dia dos Pais;Formatura,leitura;bem-estar;arte
77,Biografia inspiradora – Edição Limitada,Livros,116,18,99,Masculino,Aniversário;Dia dos Pais;Formatura,leitura;bem-estar;arte
78,Guia de viagem ilustrado – Linha Básica,Livros,42,16,99,Unissex,Aniversário;Formatura,leitura;viagem;fotografia;arte
79,Guia de viagem ilustrado – Linha Essencial,Livros,55,16,99,Unissex,Aniversário;Formatura,leitura;viagem;fotografia;arte
80,Guia de viagem ilustrado – Versão Compacta,Livros,68,16,99,Unissex,Aniversário;Formatura,leitura;viagem;fotografia;arte
81,Guia de viagem ilustrado – Edição Padrão,Livros,85,16,99,Unissex,Aniversário;Formatura,leitura;viagem;fotografia;arte
82,Guia de viagem ilustrado – Linha Premium,Livros,102,16,99,Unissex,Aniversário;Formatura,leitura;viagem;fotografia;arte
83,Guia de viagem ilustrado – Versão Pro,Livros,119,16,99,Unissex,Aniversário;Formatura,leitura;viagem;fotografia;arte
84,Guia de viagem ilustrado – Edição Limitada,Livros,140,16,99,Unissex,Aniversário;Formatura,leitura;viagem;fotografia;arte
85,Carteira de couro – Linha Básica,Moda,90,18,99,Masculino,Aniversário;Dia dos Pais;Natal,moda;artesanato
86,Carteira de couro – Linha Essencial,Moda,117,18,99,Masculino,Aniversário;Dia dos Pais;Natal,moda;artesanato
87,Carteira de couro – Versão Compacta,Moda,144,18,99,Masculino,Aniversário;Dia dos Pais;Natal,moda;artesanato
88,Carteira de couro – Edição Padrão,Moda,180,18,99,Masculino,Aniversário;Dia dos Pais;Natal,moda;artesanato
89,Carteira de couro – Linha Premium,Moda,216,18,99,Masculino,Aniversário;Dia dos Pais;Natal,moda;artesanato
90,Carteira de couro – Versão Pro,Moda,252,18,99,Masculino,Aniversário;Dia dos Pais;Natal,moda;artesanato
91,Carteira de couro – Edição Limitada,Moda,297,18,99,Masculino,Aniversário;Dia dos Pais;Natal,moda;artesanato
92,Bolsa transversal – Linha Básica,Moda,110,16,99,Feminino,Aniversário;Dia das Mães;Natal,moda;viagem;artesanato
93,Bolsa transversal – Linha Essencial,Moda,143,16,99,Feminino,Aniversário;Dia das Mães;Natal,moda;viagem;artesanato
94,Bolsa transversal – Versão Compacta,Moda,176,16,99,Feminino,Aniversário;Dia das Mães;Natal,moda;viagem;artesanato
95,Bolsa transversal – Edição Padrão,Moda,220,16,99,Feminino,Aniversário;Dia das Mães;Natal,moda;viagem;artesanato
96,Bolsa transversal – Linha Premium,Moda,264,16,99,Feminino,Aniversário;Dia das Mães;Natal,moda;viagem;artesanato
97,Bolsa transversal – Versão Pro,Moda,308,16,99,Feminino,Aniversário;Dia das Mães;Natal,moda;viagem;artesanato
98,Bolsa transversal – Edição Limitada,Moda,363,16,99,Feminino,Aniversário;Dia das Mães;Natal,moda;viagem;artesanato
99,Óculos de sol clássico – Linha Básica,Moda,75,16,99,Unissex,Aniversário;Natal;Formatura,moda;viagem;fotografia
100,Óculos de sol clássico – Linha Essencial,Moda,98,16,99,Unissex,Aniversário;Natal;Formatura,moda;viagem;fotografia
101,Óculos de sol clássico – Versão Compacta,Moda,120,16,99,Unissex,Aniversário;Natal;Formatura,moda;viagem;fotografia
102,Óculos de sol clássico – Edição Padrão,Moda,150,16,99,Unissex,Aniversário;Natal;Formatura,moda;viagem;fotografia
103,Óculos de sol clássico – Linha Premium,Moda,180,16,99,Unissex,Aniversário;Natal;Formatura,moda;viagem;fotografia
104,Óculos de sol clássico – Versão Pro,Moda,210,16,99,Unissex,Aniversário;Natal;Formatura,moda;viagem;fotografia
105,Óculos de sol clássico – Edição Limitada,Moda,248,16,99,Unissex,Aniversário;Natal;Formatura,moda;viagem;fotografia
106,Cachecol de lã – Linha Básica,Moda,48,14,99,Unissex,Aniversário;Amigo Secreto;Natal,moda;artesanato
107,Cachecol de lã – Linha Essencial,Moda,62,14,99,Unissex,Aniversário;Amigo Secreto;Natal,moda;artesanato
108,Cachecol de lã – Versão Compacta,Moda,76,14,99,Unissex,Aniversário;Amigo Secreto;Natal,moda;artesanato
109,Cachecol de lã – Edição Padrão,Moda,95,14,99,Unissex,Aniversário;Amigo Secreto;Natal,moda;artesanato
110,Cachecol de lã – Linha Premium,Moda,114,14,99,Unissex,Aniversário;Amigo Secreto;Natal,moda;artesanato
111,Cachecol de lã – Versão Pro,Moda,133,14,99,Unissex,Aniversário;Amigo Secreto;Natal,moda;artesanato
112,Cachecol de lã – Edição Limitada,Moda,157,14,99,Unissex,Aniversário;Amigo Secreto;Natal,moda;artesanato
113,Relógio analógico – Linha Básica,Moda,200,18,99,Masculino,Aniversário;Natal;Formatura,moda;artesanato
114,Relógio analógico – Linha Essencial,Moda,260,18,99,Masculino,Aniversário;Natal;Formatura,moda;artesanato
115,Relógio analógico – Versão Compacta,Moda,320,18,99,Masculino,Aniversário;Natal;Formatura,moda;artesanato
116,Relógio analógico – Edição Padrão,Moda,400,18,99,Masculino,Aniversário;Natal;Formatura,moda;artesanato
117,Relógio analógico – Linha Premium,Moda,480,18,99,Masculino,Aniversário;Natal;Formatura,moda;artesanato
118,Relógio analógico – Versão Pro,Moda,560,18,99,Masculino,Aniversário;Natal;Formatura,moda;artesanato
119,Relógio analógico – Edição Limitada,Moda,660,18,99,Masculino,Aniversário;Natal;Formatura,moda;artesanato
120,Conjunto de brincos – Linha Básica,Moda,65,14,99,Feminino,Aniversário;Dia dos Namorados;Natal,moda;beleza;artesanato
121,Conjunto de brincos – Linha Essencial,Moda,84,14,99,Feminino,Aniversário;Dia dos Namorados;Natal,moda;beleza;artesanato
122,Conjunto de brincos – Versão Compacta,Moda,104,14,99,Feminino,Aniversário;Dia dos Namorados;Natal,moda;beleza;artesanato
123,Conjunto de brincos – Edição Padrão,Moda,130,14,99,Feminino,Aniversário;Dia dos Namorados;Natal,moda;beleza;artesanato
124,Conjunto de brincos – Linha Premium,Moda,156,14,99,Feminino,Aniversário;Dia dos Namorados;Natal,moda;beleza;artesanato
125,Conjunto de brincos – Versão Pro,Moda,182,14,99,Feminino,Aniversário;Dia dos Namorados;Natal,moda;beleza;artesanato
126,Conjunto de brincos – Edição Limitada,Moda,214,14,99,Feminino,Aniversário;Dia dos Namorados;Natal,moda;beleza;artesanato
127,Kit de skincare – Linha Básica,Beleza & Bem-estar,80,16,99,Feminino,Aniversário;Dia das Mães;Natal,beleza;bem-estar;moda
128,Kit de skincare – Linha Essencial,Beleza & Bem-estar,104,16,99,Feminino,Aniversário;Dia das Mães;Natal,beleza;bem-estar;moda
129,Kit de skincare – Versão Compacta,Beleza & Bem-estar,128,16,99,Feminino,Aniversário;Dia das Mães;Natal,beleza;bem-estar;moda
130,Kit de skincare – Edição Padrão,Beleza & Bem-estar,160,16,99,Feminino,Aniversário;Dia das Mães;Natal,beleza;bem-estar;moda
131,Kit de skincare – Linha Premium,Beleza & Bem-estar,192,16,99,Feminino,Aniversário;Dia das Mães;Natal,beleza;bem-estar;moda
132,Kit de skincare – Versão Pro,Beleza & Bem-estar,224,16,99,Feminino,Aniversário;Dia das Mães;Natal,beleza;bem-estar;moda
133,Kit de skincare – Edição Limitada,Beleza & Bem-estar,264,16,99,Feminino,Aniversário;Dia das Mães;Natal,beleza;bem-estar;moda
134,Difusor de aromaterapia – Linha Básica,Beleza & Bem-estar,65,18,99,Unissex,Aniversário;Natal;Dia das Mães,bem-estar;decoracao;beleza
135,Difusor de aromaterapia – Linha Essencial,Beleza & Bem-estar,84,18,99,Unissex,Aniversário;Natal;Dia das Mães,bem-estar;decoracao;beleza
136,Difusor de aromaterapia – Versão Compacta,Beleza & Bem-estar,104,18,99,Unissex,Aniversário;Natal;Dia das Mães,bem-estar;decoracao;beleza
137,Difusor de aromaterapia – Edição Padrão,Beleza & Bem-estar,130,18,99,Unissex,Aniversário;Natal;Dia das Mães,bem-estar;decoracao;beleza
138,Difusor de aromaterapia – Linha Premium,Beleza & Bem-estar,156,18,99,Unissex,Aniversário;Natal;Dia das Mães,bem-estar;decoracao;beleza
139,Difusor de aromaterapia – Versão Pro,Beleza & Bem-estar,182,18,99,Unissex,Aniversário;Natal;Dia das Mães,bem-estar;decoracao;beleza
140,Difusor de aromaterapia – Edição Limitada,Beleza & Bem-estar,214,18,99,Unissex,Aniversário;Natal;Dia das Mães,bem-estar;decoracao;beleza
141,Perfume importado – Linha Básica,Beleza & Bem-estar,125,18,99,Unissex,Aniversário;Dia dos Namorados;Natal,beleza;moda;viagem
142,Perfume importado – Linha Essencial,Beleza & Bem-estar,162,18,99,Unissex,Aniversário;Dia dos Namorados;Natal,beleza;moda;viagem
143,Perfume importado – Versão Compacta,Beleza & Bem-estar,200,18,99,Unissex,Aniversário;Dia dos Namorados;Natal,beleza;moda;viagem
144,Perfume importado – Edição Padrão,Beleza & Bem-estar,250,18,99,Unissex,Aniversário;Dia dos Namorados;Natal,beleza;moda;viagem
145,Perfume importado – Linha Premium,Beleza & Bem-estar,300,18,99,Unissex,Aniversário;Dia dos Namorados;Natal,beleza;moda;viagem
146,Perfume importado – Versão Pro,Beleza & Bem-estar,350,18,99,Unissex,Aniversário;Dia dos Namorados;Natal,beleza;moda;viagem
147,Perfume importado – Edição Limitada,Beleza & Bem-estar,412,18,99,Unissex,Aniversário;Dia dos Namorados;Natal,beleza;moda;viagem
148,Kit de barbearia – Linha Básica,Beleza & Bem-estar,85,18,99,Masculino,Aniversário;Dia dos Pais;Natal,beleza;bem-estar;moda
149,Kit de barbearia – Linha Essencial,Beleza & Bem-estar,110,18,99,Masculino,Aniversário;Dia dos Pais;Natal,beleza;bem-estar;moda
150,Kit de barbearia – Versão Compacta,Beleza & Bem-estar,136,18,99,Masculino,Aniversário;Dia dos Pais;Natal,beleza;bem-estar;moda
151,Kit de barbearia – Edição Padrão,Beleza & Bem-estar,170,18,99,Masculino,Aniversário;Dia dos Pais;Natal,beleza;bem-estar;moda
152,Kit de barbearia – Linha Premium,Beleza & Bem-estar,204,18,99,Masculino,Aniversário;Dia dos Pais;Natal,beleza;bem-estar;moda
153,Kit de barbearia – Versão Pro,Beleza & Bem-estar,238,18,99,Masculino,Aniversário;Dia dos Pais;Natal,beleza;bem-estar;moda
154,Kit de barbearia – Edição Limitada,Beleza & Bem-estar,280,18,99,Masculino,Aniversário;Dia dos Pais;Natal,beleza;bem-estar;moda
155,Vela aromática artesanal – Linha Básica,Beleza & Bem-estar,35,16,99,Unissex,Aniversário;Amigo Secreto;Natal,bem-estar;artesanato;decoracao
156,Vela aromática artesanal – Linha Essencial,Beleza & Bem-estar,46,16,99,Unissex,Aniversário;Amigo Secreto;Natal,bem-estar;artesanato;decoracao
157,Vela aromática artesanal – Versão Compacta,Beleza & Bem-estar,56,16,99,Unissex,Aniversário;Amigo Secreto;Natal,bem-estar;artesanato;decoracao
158,Vela aromática artesanal – Edição Padrão,Beleza & Bem-estar,70,16,99,Unissex,Aniversário;Amigo Secreto;Natal,bem-estar;artesanato;decoracao
159,Vela aromática artesanal – Linha Premium,Beleza & Bem-estar,84,16,99,Unissex,Aniversário;Amigo Secreto;Natal,bem-estar;artesanato;decoracao
160,Vela aromática artesanal – Versão Pro,Beleza & Bem-estar,98,16,99,Unissex,Aniversário;Amigo Secreto;Natal,bem-estar;artesanato;decoracao
161,Vela aromática artesanal – Edição Limitada,Beleza & Bem-estar,116,16,99,Unissex,Aniversário;Amigo Secreto;Natal,bem-estar;artesanato;decoracao
162,Massageador elétrico – Linha Básica,Beleza & Bem-estar,110,18,99,Unissex,Aniversário;Dia das Mães;Dia dos Pais,bem-estar;fitness;tecnologia
163,Massageador elétrico – Linha Essencial,Beleza & Bem-estar,143,18,99,Unissex,Aniversário;Dia das Mães;Dia dos Pais,bem-estar;fitness;tecnologia
164,Massageador elétrico – Versão Compacta,Beleza & Bem-estar,176,18,99,Unissex,Aniversário;Dia das Mães;Dia dos Pais,bem-estar;fitness;tecnologia
165,Massageador elétrico – Edição Padrão,Beleza & Bem-estar,220,18,99,Unissex,Aniversário;Dia das Mães;Dia dos Pais,bem-estar;fitness;tecnologia
166,Massageador elétrico – Linha Premium,Beleza & Bem-estar,264,18,99,Unissex,Aniversário;Dia das Mães;Dia dos Pais,bem-estar;fitness;tecnologia
167,Massageador elétrico – Versão Pro,Beleza & Bem-estar,308,18,99,Unissex,Aniversário;Dia das Mães;Dia dos Pais,bem-estar;fitness;tecnologia
168,Massageador elétrico – Edição Limitada,Beleza & Bem-estar,363,18,99,Unissex,Aniversário;Dia das Mães;Dia dos Pais,bem-estar;fitness;tecnologia
169,Tapete de yoga – Linha Básica,Esportes & Fitness,55,14,99,Unissex,Aniversário;Natal;Amigo Secreto,fitness;bem-estar;esportes
170,Tapete de yoga – Linha Essencial,Esportes & Fitness,72,14,99,Unissex,Aniversário;Natal;Amigo Secreto,fitness;bem-estar;esportes
171,Tapete de yoga – Versão Compacta,Esportes & Fitness,88,14,99,Unissex,Aniversário;Natal;Amigo Secreto,fitness;bem-estar;esportes
172,Tapete de yoga – Edição Padrão,Esportes & Fitness,110,14,99,Unissex,Aniversário;Natal;Amigo Secreto,fitness;bem-estar;esportes
173,Tapete de yoga – Linha Premium,Esportes & Fitness,132,14,99,Unissex,Aniversário;Natal;Amigo Secreto,fitness;bem-estar;esportes
174,Tapete de yoga – Versão Pro,Esportes & Fitness,154,14,99,Unissex,Aniversário;Natal;Amigo Secreto,fitness;bem-estar;esportes
175,Tapete de yoga – Edição Limitada,Esportes & Fitness,182,14,99,Unissex,Aniversário;Natal;Amigo Secreto,fitness;bem-estar;esportes
176,Garrafa térmica esportiva – Linha Básica,Esportes & Fitness,40,12,99,Unissex,Aniversário;Amigo Secreto;Natal,fitness;esportes;viagem;cafe
177,Garrafa térmica esportiva – Linha Essencial,Esportes & Fitness,52,12,99,Unissex,Aniversário;Amigo Secreto;Natal,fitness;esportes;viagem;cafe
178,Garrafa térmica esportiva – Versão Compacta,Esportes & Fitness,64,12,99,Unissex,Aniversário;Amigo Secreto;Natal,fitness;esportes;viagem;cafe
179,Garrafa térmica esportiva – Edição Padrão,Esportes & Fitness,80,12,99,Unissex,Aniversário;Amigo Secreto;Natal,fitness;esportes;viagem;cafe
180,Garrafa térmica esportiva – Linha Premium,Esportes & Fitness,96,12,99,Unissex,Aniversário;Amigo Secreto;Natal,fitness;esportes;viagem;cafe
181,Garrafa térmica esportiva – Versão Pro,Esportes & Fitness,112,12,99,Unissex,Aniversário;Amigo Secreto;Natal,fitness;esportes;viagem;cafe
182,Garrafa térmica esportiva – Edição Limitada,Esportes & Fitness,132,12,99,Unissex,Aniversário;Amigo Secreto;Natal,fitness;esportes;viagem;cafe
183,Kit de halteres ajustáveis – Linha Básica,Esportes & Fitness,175,16,99,Masculino,Aniversário;Natal;Dia dos Pais,fitness;esportes;bem-estar
184,Kit de halteres ajustáveis – Linha Essencial,Esportes & Fitness,228,16,99,Masculino,Aniversário;Natal;Dia dos Pais,fitness;esportes;bem-estar
185,Kit de halteres ajustáveis – Versão Compacta,Esportes & Fitness,280,16,99,Masculino,Aniversário;Natal;Dia dos Pais,fitness;esportes;bem-estar
186,Kit de halteres ajustáveis – Edição Padrão,Esportes & Fitness,350,16,99,Masculino,Aniversário;Natal;Dia dos Pais,fitness;esportes;bem-estar
187,Kit de halteres ajustáveis – Linha Premium,Esportes & Fitness,420,16,99,Masculino,Aniversário;Natal;Dia dos Pais,fitness;esportes;bem-estar
188,Kit de halteres ajustáveis – Versão Pro,Esportes & Fitness,490,16,99,Masculino,Aniversário;Natal;Dia dos Pais,fitness;esportes;bem-estar
189,Kit de halteres ajustáveis – Edição Limitada,Esportes & Fitness,578,16,99,Masculino,Aniversário;Natal;Dia dos Pais,fitness;esportes;bem-estar
190,Bicicleta urbana – Linha Básica,Esportes & Fitness,900,14,60,Unissex,Aniversário;Natal;Formatura,esportes;fitness;viagem;bem-estar
191,Bicicleta urbana – Linha Essencial,Esportes & Fitness,1170,14,60,Unissex,Aniversário;Natal;Formatura,esportes;fitness;viagem;bem-estar
192,Bicicleta urbana – Versão Compacta,Esportes & Fitness,1440,14,60,Unissex,Aniversário;Natal;Formatura,esportes;fitness;viagem;bem-estar
193,Bicicleta urbana – Edição Padrão,Esportes & Fitness,1800,14,60,Unissex,Aniversário;Natal;Formatura,esportes;fitness;viagem;bem-estar
194,Bicicleta urbana – Linha Premium,Esportes & Fitness,2160,14,60,Unissex,Aniversário;Natal;Formatura,esportes;fitness;viagem;bem-estar
195,Bicicleta urbana – Versão Pro,Esportes & Fitness,2520,14,60,Unissex,Aniversário;Natal;Formatura,esportes;fitness;viagem;bem-estar
196,Bicicleta urbana – Edição Limitada,Esportes & Fitness,2970,14,60,Unissex,Aniversário;Natal;Formatura,esportes;fitness;viagem;bem-estar
197,Bola de futebol oficial – Linha Básica,Esportes & Fitness,65,8,99,Masculino,Aniversário;Natal;Amigo Secreto,esportes;jogos;fitness
198,Bola de futebol oficial – Linha Essencial,Esportes & Fitness,84,8,99,Masculino,Aniversário;Natal;Amigo Secreto,esportes;jogos;fitness
199,Bola de futebol oficial – Versão Compacta,Esportes & Fitness,104,8,99,Masculino,Aniversário;Natal;Amigo Secreto,esportes;jogos;fitness
200,Bola de futebol oficial – Edição Padrão,Esportes & Fitness,130,8,99,Masculino,Aniversário;Natal;Amigo Secreto,esportes;jogos;fitness
201,Bola de futebol oficial – Linha Premium,Esportes & Fitness,156,8,99,Masculino,Aniversário;Natal;Amigo Secreto,esportes;jogos;fitness
202,Bola de futebol oficial – Versão Pro,Esportes & Fitness,182,8,99,Masculino,Aniversário;Natal;Amigo Secreto,esportes;jogos;fitness
203,Bola de futebol oficial – Edição Limitada,Esportes & Fitness,214,8,99,Masculino,Aniversário;Natal;Amigo Secreto,esportes;jogos;fitness
204,Relógio para corrida com GPS – Linha Básica,Esportes & Fitness,350,16,65,Unissex,Aniversário;Natal;Formatura,fitness;tecnologia;esportes;viagem
205,Relógio para corrida com GPS – Linha Essencial,Esportes & Fitness,455,16,65,Unissex,Aniversário;Natal;Formatura,fitness;tecnologia;esportes;viagem
206,Relógio para corrida com GPS – Versão Compacta,Esportes & Fitness,560,16,65,Unissex,Aniversário;Natal;Formatura,fitness;tecnologia;esportes;viagem
207,Relógio para corrida com GPS – Edição Padrão,Esportes & Fitness,700,16,65,Unissex,Aniversário;Natal;Formatura,fitness;tecnologia;esportes;viagem
208,Relógio para corrida com GPS – Linha Premium,Esportes & Fitness,840,16,65,Unissex,Aniversário;Natal;Formatura,fitness;tecnologia;esportes;viagem
209,Relógio para corrida com GPS – Versão Pro,Esportes & Fitness,980,16,65,Unissex,Aniversário;Natal;Formatura,fitness;tecnologia;esportes;viagem
210,Relógio para corrida com GPS – Edição Limitada,Esportes & Fitness,1155,16,65,Unissex,Aniversário;Natal;Formatura,fitness;tecnologia;esportes;viagem
211,Jogo de tabuleiro estratégico – Linha Básica,Jogos,75,10,99,Unissex,Aniversário;Amigo Secreto;Natal,jogos;arte;leitura
212,Jogo de tabuleiro estratégico – Linha Essencial,Jogos,98,10,99,Unissex,Aniversário;Amigo Secreto;Natal,jogos;arte;leitura
213,Jogo de tabuleiro estratégico – Versão Compacta,Jogos,120,10,99,Unissex,Aniversário;Amigo Secreto;Natal,jogos;arte;leitura
214,Jogo de tabuleiro estratégico – Edição Padrão,Jogos,150,10,99,Unissex,Aniversário;Amigo Secreto;Natal,jogos;arte;leitura
215,Jogo de tabuleiro estratégico – Linha Premium,Jogos,180,10,99,Unissex,Aniversário;Amigo Secreto;Natal,jogos;arte;leitura
216,Jogo de tabuleiro estratégico – Versão Pro,Jogos,210,10,99,Unissex,Aniversário;Amigo Secreto;Natal,jogos;arte;leitura
217,Jogo de tabuleiro estratégico – Edição Limitada,Jogos,248,10,99,Unissex,Aniversário;Amigo Secreto;Natal,jogos;arte;leitura
218,Quebra-cabeça 1000 peças – Linha Básica,Jogos,35,10,99,Unissex,Aniversário;Amigo Secreto;Natal,jogos;arte;decoracao
219,Quebra-cabeça 1000 peças – Linha Essencial,Jogos,46,10,99,Unissex,Aniversário;Amigo Secreto;Natal,jogos;arte;decoracao
220,Quebra-cabeça 1000 peças – Versão Compacta,Jogos,56,10,99,Unissex,Aniversário;Amigo Secreto;Natal,jogos;arte;decoracao
221,Quebra-cabeça 1000 peças – Edição Padrão,Jogos,70,10,99,Unissex,Aniversário;Amigo Secreto;Natal,jogos;arte;decoracao
222,Quebra-cabeça 1000 peças – Linha Premium,Jogos,84,10,99,Unissex,Aniversário;Amigo Secreto;Natal,jogos;arte;decoracao
223,Quebra-cabeça 1000 peças – Versão Pro,Jogos,98,10,99,Unissex,Aniversário;Amigo Secreto;Natal,jogos;arte;decoracao
224,Quebra-cabeça 1000 peças – Edição Limitada,Jogos,116,10,99,Unissex,Aniversário;Amigo Secreto;Natal,jogos;arte;decoracao
225,Console de videogame de mesa – Linha Básica,Jogos,450,10,50,Unissex,Aniversário;Natal,jogos;tecnologia;musica
226,Console de videogame de mesa – Linha Essencial,Jogos,585,10,50,Unissex,Aniversário;Natal,jogos;tecnologia;musica
227,Console de videogame de mesa – Versão Compacta,Jogos,720,10,50,Unissex,Aniversário;Natal,jogos;tecnologia;musica
228,Console de videogame de mesa – Edição Padrão,Jogos,900,10,50,Unissex,Aniversário;Natal,jogos;tecnologia;musica
229,Console de videogame de mesa – Linha Premium,Jogos,1080,10,50,Unissex,Aniversário;Natal,jogos;tecnologia;musica
230,Console de videogame de mesa – Versão Pro,Jogos,1260,10,50,Unissex,Aniversário;Natal,jogos;tecnologia;musica
231,Console de videogame de mesa – Edição Limitada,Jogos,1485,10,50,Unissex,Aniversário;Natal,jogos;tecnologia;musica
232,Conjunto de cartas colecionáveis – Linha Básica,Jogos,60,10,40,Masculino,Aniversário;Amigo Secreto;Natal,jogos;arte;artesanato
233,Conjunto de cartas colecionáveis – Linha Essencial,Jogos,78,10,40,Masculino,Aniversário;Amigo Secreto;Natal,jogos;arte;artesanato
234,Conjunto de cartas colecionáveis – Versão Compacta,Jogos,96,10,40,Masculino,Aniversário;Amigo Secreto;Natal,jogos;arte;artesanato
235,Conjunto de cartas colecionáveis – Edição Padrão,Jogos,120,10,40,Masculino,Aniversário;Amigo Secreto;Natal,jogos;arte;artesanato
236,Conjunto de cartas colecionáveis – Linha Premium,Jogos,144,10,40,Masculino,Aniversário;Amigo Secreto;Natal,jogos;arte;artesanato
237,Conjunto de cartas colecionáveis – Versão Pro,Jogos,168,10,40,Masculino,Aniversário;Amigo Secreto;Natal,jogos;arte;artesanato
238,Conjunto de cartas colecionáveis – Edição Limitada,Jogos,198,10,40,Masculino,Aniversário;Amigo Secreto;Natal,jogos;arte;artesanato
239,Jogo de xadrez de madeira – Linha Básica,Jogos,80,12,99,Unissex,Aniversário;Natal;Formatura,jogos;artesanato;decoracao
240,Jogo de xadrez de madeira – Linha Essencial,Jogos,104,12,99,Unissex,Aniversário;Natal;Formatura,jogos;artesanato;decoracao
241,Jogo de xadrez de madeira – Versão Compacta,Jogos,128,12,99,Unissex,Aniversário;Natal;Formatura,jogos;artesanato;decoracao
242,Jogo de xadrez de madeira – Edição Padrão,Jogos,160,12,99,Unissex,Aniversário;Natal;Formatura,jogos;artesanato;decoracao
243,Jogo de xadrez de madeira – Linha Premium,Jogos,192,12,99,Unissex,Aniversário;Natal;Formatura,jogos;artesanato;decoracao
244,Jogo de xadrez de madeira – Versão Pro,Jogos,224,12,99,Unissex,Aniversário;Natal;Formatura,jogos;artesanato;decoracao
245,Jogo de xadrez de madeira – Edição Limitada,Jogos,264,12,99,Unissex,Aniversário;Natal;Formatura,jogos;artesanato;decoracao
246,Controle sem fio para videogame – Linha Básica,Jogos,140,12,60,Unissex,Aniversário;Natal;Amigo Secreto,jogos;tecnologia;musica
247,Controle sem fio para videogame – Linha Essencial,Jogos,182,12,60,Unissex,Aniversário;Natal;Amigo Secreto,jogos;tecnologia;musica
248,Controle sem fio para videogame – Versão Compacta,Jogos,224,12,60,Unissex,Aniversário;Natal;Amigo Secreto,jogos;tecnologia;musica
249,Controle sem fio para videogame – Edição Padrão,Jogos,280,12,60,Unissex,Aniversário;Natal;Amigo Secreto,jogos;tecnologia;musica
250,Controle sem fio para videogame – Linha Premium,Jogos,336,12,60,Unissex,Aniversário;Natal;Amigo Secreto,jogos;tecnologia;musica
251,Controle sem fio para videogame – Versão Pro,Jogos,392,12,60,Unissex,Aniversário;Natal;Amigo Secreto,jogos;tecnologia;musica
252,Controle sem fio para videogame – Edição Limitada,Jogos,462,12,60,Unissex,Aniversário;Natal;Amigo Secreto,jogos;tecnologia;musica
253,Máquina de café expresso – Linha Básica,Culinária,300,18,99,Unissex,Aniversário;Natal;Dia das Mães,culinaria;cafe;tecnologia;decoracao
254,Máquina de café expresso – Linha Essencial,Culinária,390,18,99,Unissex,Aniversário;Natal;Dia das Mães,culinaria;cafe;tecnologia;decoracao
255,Máquina de café expresso – Versão Compacta,Culinária,480,18,99,Unissex,Aniversário;Natal;Dia das Mães,culinaria;cafe;tecnologia;decoracao
256,Máquina de café expresso – Edição Padrão,Culinária,600,18,99,Unissex,Aniversário;Natal;Dia das Mães,culinaria;cafe;tecnologia;decoracao
257,Máquina de café expresso – Linha Premium,Culinária,720,18,99,Unissex,Aniversário;Natal;Dia das Mães,culinaria;cafe;tecnologia;decoracao
258,Máquina de café expresso – Versão Pro,Culinária,840,18,99,Unissex,Aniversário;Natal;Dia das Mães,culinaria;cafe;tecnologia;decoracao
259,Máquina de café expresso – Edição Limitada,Culinária,990,18,99,Unissex,Aniversário;Natal;Dia das Mães,culinaria;cafe;tecnologia;decoracao
260,Kit de facas profissionais – Linha Básica,Culinária,175,18,99,Unissex,Aniversário;Natal;Casamento,culinaria;artesanato;decoracao
261,Kit de facas profissionais – Linha Essencial,Culinária,228,18,99,Unissex,Aniversário;Natal;Casamento,culinaria;artesanato;decoracao
262,Kit de facas profissionais – Versão Compacta,Culinária,280,18,99,Unissex,Aniversário;Natal;Casamento,culinaria;artesanato;decoracao
263,Kit de facas profissionais – Edição Padrão,Culinária,350,18,99,Unissex,Aniversário;Natal;Casamento,culinaria;artesanato;decoracao
264,Kit de facas profissionais – Linha Premium,Culinária,420,18,99,Unissex,Aniversário;Natal;Casamento,culinaria;artesanato;decoracao
265,Kit de facas profissionais – Versão Pro,Culinária,490,18,99,Unissex,Aniversário;Natal;Casamento,culinaria;artesanato;decoracao
266,Kit de facas profissionais – Edição Limitada,Culinária,578,18,99,Unissex,Aniversário;Natal;Casamento,culinaria;artesanato;decoracao
267,Tábua de queijos artesanal – Linha Básica,Culinária,65,18,99,Unissex,Aniversário;Natal;Casamento,culinaria;artesanato;vinho;decoracao
268,Tábua de queijos artesanal – Linha Essencial,Culinária,84,18,99,Unissex,Aniversário;Natal;Casamento,culinaria;artesanato;vinho;decoracao
269,Tábua de queijos artesanal – Versão Compacta,Culinária,104,18,99,Unissex,Aniversário;Natal;Casamento,culinaria;artesanato;vinho;decoracao
270,Tábua de queijos artesanal – Edição Padrão,Culinária,130,18,99,Unissex,Aniversário;Natal;Casamento,culinaria;artesanato;vinho;decoracao
271,Tábua de queijos artesanal – Linha Premium,Culinária,156,18,99,Unissex,Aniversário;Natal;Casamento,culinaria;artesanato;vinho;decoracao
272,Tábua de queijos artesanal – Versão Pro,Culinária,182,18,99,Unissex,Aniversário;Natal;Casamento,culinaria;artesanato;vinho;decoracao
273,Tábua de queijos artesanal – Edição Limitada,Culinária,214,18,99,Unissex,Aniversário;Natal;Casamento,culinaria;artesanato;vinho;decoracao
274,Kit para preparo de drinks – Linha Básica,Culinária,90,18,99,Masculino,Aniversário;Natal;Amigo Secreto,culinaria;vinho;decoracao
275,Kit para preparo de drinks – Linha Essencial,Culinária,117,18,99,Masculino,Aniversário;Natal;Amigo Secreto,culinaria;vinho;decoracao
276,Kit para preparo de drinks – Versão Compacta,Culinária,144,18,99,Masculino,Aniversário;Natal;Amigo Secreto,culinaria;vinho;decoracao
277,Kit para preparo de drinks – Edição Padrão,Culinária,180,18,99,Masculino,Aniversário;Natal;Amigo Secreto,culinaria;vinho;decoracao
278,Kit para preparo de drinks – Linha Premium,Culinária,216,18,99,Masculino,Aniversário;Natal;Amigo Secreto,culinaria;vinho;decoracao
279,Kit para preparo de drinks – Versão Pro,Culinária,252,18,99,Masculino,Aniversário;Natal;Amigo Secreto,culinaria;vinho;decoracao
280,Kit para preparo de drinks – Edição Limitada,Culinária,297,18,99,Masculino,Aniversário;Natal;Amigo Secreto,culinaria;vinho;decoracao
281,Conjunto de taças para vinho – Linha Básica,Culinária,75,18,99,Unissex,Aniversário;Casamento;Natal,culinaria;vinho;decoracao;arte
282,Conjunto de taças para vinho – Linha Essencial,Culinária,98,18,99,Unissex,Aniversário;Casamento;Natal,culinaria;vinho;decoracao;arte
283,Conjunto de taças para vinho – Versão Compacta,Culinária,120,18,99,Unissex,Aniversário;Casamento;Natal,culinaria;vinho;decoracao;arte
284,Conjunto de taças para vinho – Edição Padrão,Culinária,150,18,99,Unissex,Aniversário;Casamento;Natal,culinaria;vinho;decoracao;arte
285,Conjunto de taças para vinho – Linha Premium,Culinária,180,18,99,Unissex,Aniversário;Casamento;Natal,culinaria;vinho;decoracao;arte
286,Conjunto de taças para vinho – Versão Pro,Culinária,210,18,99,Unissex,Aniversário;Casamento;Natal,culinaria;vinho;decoracao;arte
287,Conjunto de taças para vinho – Edição Limitada,Culinária,248,18,99,Unissex,Aniversário;Casamento;Natal,culinaria;vinho;decoracao;arte
288,Panela de ferro fundido – Linha Básica,Culinária,140,18,99,Unissex,Casamento;Natal;Dia das Mães,culinaria;artesanato;decoracao
289,Panela de ferro fundido – Linha Essencial,Culinária,182,18,99,Unissex,Casamento;Natal;Dia das Mães,culinaria;artesanato;decoracao
290,Panela de ferro fundido – Versão Compacta,Culinária,224,18,99,Unissex,Casamento;Natal;Dia das Mães,culinaria;artesanato;decoracao
291,Panela de ferro fundido – Edição Padrão,Culinária,280,18,99,Unissex,Casamento;Natal;Dia das Mães,culinaria;artesanato;decoracao
292,Panela de ferro fundido – Linha Premium,Culinária,336,18,99,Unissex,Casamento;Natal;Dia das Mães,culinaria;artesanato;decoracao
293,Panela de ferro fundido – Versão Pro,Culinária,392,18,99,Unissex,Casamento;Natal;Dia das Mães,culinaria;artesanato;decoracao
294,Panela de ferro fundido – Edição Limitada,Culinária,462,18,99,Unissex,Casamento;Natal;Dia das Mães,culinaria;artesanato;decoracao
295,Guitarra acústica iniciante – Linha Básica,Música,350,12,99,Unissex,Aniversário;Natal;Formatura,musica;arte
296,Guitarra acústica iniciante – Linha Essencial,Música,455,12,99,Unissex,Aniversário;Natal;Formatura,musica;arte
297,Guitarra acústica iniciante – Versão Compacta,Música,560,12,99,Unissex,Aniversário;Natal;Formatura,musica;arte
298,Guitarra acústica iniciante – Edição Padrão,Música,700,12,99,Unissex,Aniversário;Natal;Formatura,musica;arte
299,Guitarra acústica iniciante – Linha Premium,Música,840,12,99,Unissex,Aniversário;Natal;Formatura,musica;arte
300,Guitarra acústica iniciante – Versão Pro,Música,980,12,99,Unissex,Aniversário;Natal;Formatura,musica;arte
301,Guitarra acústica iniciante – Edição Limitada,Música,1155,12,99,Unissex,Aniversário;Natal;Formatura,musica;arte
302,Vinil de edição especial – Linha Básica,Música,70,16,99,Unissex,Aniversário;Amigo Secreto;Natal,musica;decoracao;arte
303,Vinil de edição especial – Linha Essencial,Música,91,16,99,Unissex,Aniversário;Amigo Secreto;Natal,musica;decoracao;arte
304,Vinil de edição especial – Versão Compacta,Música,112,16,99,Unissex,Aniversário;Amigo Secreto;Natal,musica;decoracao;arte
305,Vinil de edição especial – Edição Padrão,Música,140,16,99,Unissex,Aniversário;Amigo Secreto;Natal,musica;decoracao;arte
306,Vinil de edição especial – Linha Premium,Música,168,16,99,Unissex,Aniversário;Amigo Secreto;Natal,musica;decoracao;arte
307,Vinil de edição especial – Versão Pro,Música,196,16,99,Unissex,Aniversário;Amigo Secreto;Natal,musica;decoracao;arte
308,Vinil de edição especial – Edição Limitada,Música,231,16,99,Unissex,Aniversário;Amigo Secreto;Natal,musica;decoracao;arte
309,Teclado musical portátil – Linha Básica,Música,275,10,99,Unissex,Aniversário;Natal;Formatura,musica;tecnologia
310,Teclado musical portátil – Linha Essencial,Música,358,10,99,Unissex,Aniversário;Natal;Formatura,musica;tecnologia
311,Teclado musical portátil – Versão Compacta,Música,440,10,99,Unissex,Aniversário;Natal;Formatura,musica;tecnologia
312,Teclado musical portátil – Edição Padrão,Música,550,10,99,Unissex,Aniversário;Natal;Formatura,musica;tecnologia
313,Teclado musical portátil – Linha Premium,Música,660,10,99,Unissex,Aniversário;Natal;Formatura,musica;tecnologia
314,Teclado musical portátil – Versão Pro,Música,770,10,99,Unissex,Aniversário;Natal;Formatura,musica;tecnologia
315,Teclado musical portátil – Edição Limitada,Música,908,10,99,Unissex,Aniversário;Natal;Formatura,musica;tecnologia
316,Fone de ouvido para estúdio – Linha Básica,Música,225,16,99,Unissex,Aniversário;Natal;Formatura,musica;tecnologia;arte
317,Fone de ouvido para estúdio – Linha Essencial,Música,292,16,99,Unissex,Aniversário;Natal;Formatura,musica;tecnologia;arte
318,Fone de ouvido para estúdio – Versão Compacta,Música,360,16,99,Unissex,Aniversário;Natal;Formatura,musica;tecnologia;arte
319,Fone de ouvido para estúdio – Edição Padrão,Música,450,16,99,Unissex,Aniversário;Natal;Formatura,musica;tecnologia;arte
320,Fone de ouvido para estúdio – Linha Premium,Música,540,16,99,Unissex,Aniversário;Natal;Formatura,musica;tecnologia;arte
321,Fone de ouvido para estúdio – Versão Pro,Música,630,16,99,Unissex,Aniversário;Natal;Formatura,musica;tecnologia;arte
322,Fone de ouvido para estúdio – Edição Limitada,Música,742,16,99,Unissex,Aniversário;Natal;Formatura,musica;tecnologia;arte
323,Ukulele decorado – Linha Básica,Música,125,10,99,Unissex,Aniversário;Amigo Secreto;Natal,musica;arte;artesanato;viagem
324,Ukulele decorado – Linha Essencial,Música,162,10,99,Unissex,Aniversário;Amigo Secreto;Natal,musica;arte;artesanato;viagem
325,Ukulele decorado – Versão Compacta,Música,200,10,99,Unissex,Aniversário;Amigo Secreto;Natal,musica;arte;artesanato;viagem
326,Ukulele decorado – Edição Padrão,Música,250,10,99,Unissex,Aniversário;Amigo Secreto;Natal,musica;arte;artesanato;viagem
327,Ukulele decorado – Linha Premium,Música,300,10,99,Unissex,Aniversário;Amigo Secreto;Natal,musica;arte;artesanato;viagem
328,Ukulele decorado – Versão Pro,Música,350,10,99,Unissex,Aniversário;Amigo Secreto;Natal,musica;arte;artesanato;viagem
329,Ukulele decorado – Edição Limitada,Música,412,10,99,Unissex,Aniversário;Amigo Secreto;Natal,musica;arte;artesanato;viagem
330,Caixa de som retrô vintage – Linha Básica,Música,160,16,99,Unissex,Aniversário;Natal,musica;tecnologia;decoracao;arte
331,Caixa de som retrô vintage – Linha Essencial,Música,208,16,99,Unissex,Aniversário;Natal,musica;tecnologia;decoracao;arte
332,Caixa de som retrô vintage – Versão Compacta,Música,256,16,99,Unissex,Aniversário;Natal,musica;tecnologia;decoracao;arte
333,Caixa de som retrô vintage – Edição Padrão,Música,320,16,99,Unissex,Aniversário;Natal,musica;tecnologia;decoracao;arte
334,Caixa de som retrô vintage – Linha Premium,Música,384,16,99,Unissex,Aniversário;Natal,musica;tecnologia;decoracao;arte
335,Caixa de som retrô vintage – Versão Pro,Música,448,16,99,Unissex,Aniversário;Natal,musica;tecnologia;decoracao;arte
336,Caixa de som retrô vintage – Edição Limitada,Música,528,16,99,Unissex,Aniversário;Natal,musica;tecnologia;decoracao;arte
337,Kit de pintura em tela – Linha Básica,Arte & Artesanato,65,12,99,Unissex,Aniversário;Amigo Secreto;Natal,arte;decoracao;artesanato
338,Kit de pintura em tela – Linha Essencial,Arte & Artesanato,84,12,99,Unissex,Aniversário;Amigo Secreto;Natal,arte;decoracao;artesanato
339,Kit de pintura em tela – Versão Compacta,Arte & Artesanato,104,12,99,Unissex,Aniversário;Amigo Secreto;Natal,arte;decoracao;artesanato
340,Kit de pintura em tela – Edição Padrão,Arte & Artesanato,130,12,99,Unissex,Aniversário;Amigo Secreto;Natal,arte;decoracao;artesanato
341,Kit de pintura em tela – Linha Premium,Arte & Artesanato,156,12,99,Unissex,Aniversário;Amigo Secreto;Natal,arte;decoracao;artesanato
342,Kit de pintura em tela – Versão Pro,Arte & Artesanato,182,12,99,Unissex,Aniversário;Amigo Secreto;Natal,arte;decoracao;artesanato
343,Kit de pintura em tela – Edição Limitada,Arte & Artesanato,214,12,99,Unissex,Aniversário;Amigo Secreto;Natal,arte;decoracao;artesanato
344,Conjunto de canetas para caligrafia – Linha Básica,Arte & Artesanato,45,14,99,Unissex,Aniversário;Amigo Secreto;Formatura,arte;artesanato;leitura
345,Conjunto de canetas para caligrafia – Linha Essencial,Arte & Artesanato,58,14,99,Unissex,Aniversário;Amigo Secreto;Formatura,arte;artesanato;leitura
346,Conjunto de canetas para caligrafia – Versão Compacta,Arte & Artesanato,72,14,99,Unissex,Aniversário;Amigo Secreto;Formatura,arte;artesanato;leitura
347,Conjunto de canetas para caligrafia – Edição Padrão,Arte & Artesanato,90,14,99,Unissex,Aniversário;Amigo Secreto;Formatura,arte;artesanato;leitura
348,Conjunto de canetas para caligrafia – Linha Premium,Arte & Artesanato,108,14,99,Unissex,Aniversário;Amigo Secreto;Formatura,arte;artesanato;leitura
349,Conjunto de canetas para caligrafia – Versão Pro,Arte & Artesanato,126,14,99,Unissex,Aniversário;Amigo Secreto;Formatura,arte;artesanato;leitura
350,Conjunto de canetas para caligrafia – Edição Limitada,Arte & Artesanato,148,14,99,Unissex,Aniversário;Amigo Secreto;Formatura,arte;artesanato;leitura
351,Kit de cerâmica para iniciantes – Linha Básica,Arte & Artesanato,80,14,99,Feminino,Aniversário;Natal;Amigo Secreto,arte;artesanato;decoracao
352,Kit de cerâmica para iniciantes – Linha Essencial,Arte & Artesanato,104,14,99,Feminino,Aniversário;Natal;Amigo Secreto,arte;artesanato;decoracao
353,Kit de cerâmica para iniciantes – Versão Compacta,Arte & Artesanato,128,14,99,Feminino,Aniversário;Natal;Amigo Secreto,arte;artesanato;decoracao
354,Kit de cerâmica para iniciantes – Edição Padrão,Arte & Artesanato,160,14,99,Feminino,Aniversário;Natal;Amigo Secreto,arte;artesanato;decoracao
355,Kit de cerâmica para iniciantes – Linha Premium,Arte & Artesanato,192,14,99,Feminino,Aniversário;Natal;Amigo Secreto,arte;artesanato;decoracao
356,Kit de cerâmica para iniciantes – Versão Pro,Arte & Artesanato,224,14,99,Feminino,Aniversário;Natal;Amigo Secreto,arte;artesanato;decoracao
357,Kit de cerâmica para iniciantes – Edição Limitada,Arte & Artesanato,264,14,99,Feminino,Aniversário;Natal;Amigo Secreto,arte;artesanato;decoracao
358,Caderno de desenho artesanal – Linha Básica,Arte & Artesanato,30,12,99,Unissex,Aniversário;Amigo Secreto;Natal,arte;artesanato;leitura
359,Caderno de desenho artesanal – Linha Essencial,Arte & Artesanato,39,12,99,Unissex,Aniversário;Amigo Secreto;Natal,arte;artesanato;leitura
360,Caderno de desenho artesanal – Versão Compacta,Arte & Artesanato,48,12,99,Unissex,Aniversário;Amigo Secreto;Natal,arte;artesanato;leitura
361,Caderno de desenho artesanal – Edição Padrão,Arte & Artesanato,60,12,99,Unissex,Aniversário;Amigo Secreto;Natal,arte;artesanato;leitura
362,Caderno de desenho artesanal – Linha Premium,Arte & Artesanato,72,12,99,Unissex,Aniversário;Amigo Secreto;Natal,arte;artesanato;leitura
363,Caderno de desenho artesanal – Versão Pro,Arte & Artesanato,84,12,99,Unissex,Aniversário;Amigo Secreto;Natal,arte;artesanato;leitura
364,Caderno de desenho artesanal – Edição Limitada,Arte & Artesanato,99,12,99,Unissex,Aniversário;Amigo Secreto;Natal,arte;artesanato;leitura
365,Kit de bordado – Linha Básica,Arte & Artesanato,40,14,99,Feminino,Aniversário;Amigo Secreto;Natal,artesanato;moda;decoracao
366,Kit de bordado – Linha Essencial,Arte & Artesanato,52,14,99,Feminino,Aniversário;Amigo Secreto;Natal,artesanato;moda;decoracao
367,Kit de bordado – Versão Compacta,Arte & Artesanato,64,14,99,Feminino,Aniversário;Amigo Secreto;Natal,artesanato;moda;decoracao
368,Kit de bordado – Edição Padrão,Arte & Artesanato,80,14,99,Feminino,Aniversário;Amigo Secreto;Natal,artesanato;moda;decoracao
369,Kit de bordado – Linha Premium,Arte & Artesanato,96,14,99,Feminino,Aniversário;Amigo Secreto;Natal,artesanato;moda;decoracao
370,Kit de bordado – Versão Pro,Arte & Artesanato,112,14,99,Feminino,Aniversário;Amigo Secreto;Natal,artesanato;moda;decoracao
371,Kit de bordado – Edição Limitada,Arte & Artesanato,132,14,99,Feminino,Aniversário;Amigo Secreto;Natal,artesanato;moda;decoracao
372,Quadro decorativo pintado à mão – Linha Básica,Arte & Artesanato,100,16,99,Unissex,Aniversário;Casamento;Natal,arte;decoracao;artesanato
373,Quadro decorativo pintado à mão – Linha Essencial,Arte & Artesanato,130,16,99,Unissex,Aniversário;Casamento;Natal,arte;decoracao;artesanato
374,Quadro decorativo pintado à mão – Versão Compacta,Arte & Artesanato,160,16,99,Unissex,Aniversário;Casamento;Natal,arte;decoracao;artesanato
375,Quadro decorativo pintado à mão – Edição Padrão,Arte & Artesanato,200,16,99,Unissex,Aniversário;Casamento;Natal,arte;decoracao;artesanato
376,Quadro decorativo pintado à mão – Linha Premium,Arte & Artesanato,240,16,99,Unissex,Aniversário;Casamento;Natal,arte;decoracao;artesanato
377,Quadro decorativo pintado à mão – Versão Pro,Arte & Artesanato,280,16,99,Unissex,Aniversário;Casamento;Natal,arte;decoracao;artesanato
378,Quadro decorativo pintado à mão – Edição Limitada,Arte & Artesanato,330,16,99,Unissex,Aniversário;Casamento;Natal,arte;decoracao;artesanato
379,Mala de viagem rígida – Linha Básica,Viagem,225,16,99,Unissex,Aniversário;Natal;Formatura,viagem;moda
380,Mala de viagem rígida – Linha Essencial,Viagem,292,16,99,Unissex,Aniversário;Natal;Formatura,viagem;moda
381,Mala de viagem rígida – Versão Compacta,Viagem,360,16,99,Unissex,Aniversário;Natal;Formatura,viagem;moda
382,Mala de viagem rígida – Edição Padrão,Viagem,450,16,99,Unissex,Aniversário;Natal;Formatura,viagem;moda
383,Mala de viagem rígida – Linha Premium,Viagem,540,16,99,Unissex,Aniversário;Natal;Formatura,viagem;moda
384,Mala de viagem rígida – Versão Pro,Viagem,630,16,99,Unissex,Aniversário;Natal;Formatura,viagem;moda
385,Mala de viagem rígida – Edição Limitada,Viagem,742,16,99,Unissex,Aniversário;Natal;Formatura,viagem;moda
386,Travesseiro de pescoço para viagem – Linha Básica,Viagem,30,12,99,Unissex,Aniversário;Amigo Secreto;Natal,viagem;bem-estar
387,Travesseiro de pescoço para viagem – Linha Essencial,Viagem,39,12,99,Unissex,Aniversário;Amigo Secreto;Natal,viagem;bem-estar
388,Travesseiro de pescoço para viagem – Versão Compacta,Viagem,48,12,99,Unissex,Aniversário;Amigo Secreto;Natal,viagem;bem-estar
389,Travesseiro de pescoço para viagem – Edição Padrão,Viagem,60,12,99,Unissex,Aniversário;Amigo Secreto;Natal,viagem;bem-estar
390,Travesseiro de pescoço para viagem – Linha Premium,Viagem,72,12,99,Unissex,Aniversário;Amigo Secreto;Natal,viagem;bem-estar
391,Travesseiro de pescoço para viagem – Versão Pro,Viagem,84,12,99,Unissex,Aniversário;Amigo Secreto;Natal,viagem;bem-estar
392,Travesseiro de pescoço para viagem – Edição Limitada,Viagem,99,12,99,Unissex,Aniversário;Amigo Secreto;Natal,viagem;bem-estar
393,Kit de organizadores de bagagem – Linha Básica,Viagem,45,14,99,Unissex,Aniversário;Amigo Secreto;Natal,viagem;moda
394,Kit de organizadores de bagagem – Linha Essencial,Viagem,58,14,99,Unissex,Aniversário;Amigo Secreto;Natal,viagem;moda
395,Kit de organizadores de bagagem – Versão Compacta,Viagem,72,14,99,Unissex,Aniversário;Amigo Secreto;Natal,viagem;moda
396,Kit de organizadores de bagagem – Edição Padrão,Viagem,90,14,99,Unissex,Aniversário;Amigo Secreto;Natal,viagem;moda
397,Kit de organizadores de bagagem – Linha Premium,Viagem,108,14,99,Unissex,Aniversário;Amigo Secreto;Natal,viagem;moda
398,Kit de organizadores de bagagem – Versão Pro,Viagem,126,14,99,Unissex,Aniversário;Amigo Secreto;Natal,viagem;moda
399,Kit de organizadores de bagagem – Edição Limitada,Viagem,148,14,99,Unissex,Aniversário;Amigo Secreto;Natal,viagem;moda
400,Garrafa térmica para trilhas – Linha Básica,Viagem,48,14,99,Unissex,Aniversário;Natal;Amigo Secreto,viagem;esportes;fitness
401,Garrafa térmica para trilhas – Linha Essencial,Viagem,62,14,99,Unissex,Aniversário;Natal;Amigo Secreto,viagem;esportes;fitness
402,Garrafa térmica para trilhas – Versão Compacta,Viagem,76,14,99,Unissex,Aniversário;Natal;Amigo Secreto,viagem;esportes;fitness
403,Garrafa térmica para trilhas – Edição Padrão,Viagem,95,14,99,Unissex,Aniversário;Natal;Amigo Secreto,viagem;esportes;fitness
404,Garrafa térmica para trilhas – Linha Premium,Viagem,114,14,99,Unissex,Aniversário;Natal;Amigo Secreto,viagem;esportes;fitness
405,Garrafa térmica para trilhas – Versão Pro,Viagem,133,14,99,Unissex,Aniversário;Natal;Amigo Secreto,viagem;esportes;fitness
406,Garrafa térmica para trilhas – Edição Limitada,Viagem,157,14,99,Unissex,Aniversário;Natal;Amigo Secreto,viagem;esportes;fitness
407,Mochila para notebook e viagem – Linha Básica,Viagem,110,14,99,Unissex,Aniversário;Natal;Formatura,viagem;tecnologia;moda
408,Mochila para notebook e viagem – Linha Essencial,Viagem,143,14,99,Unissex,Aniversário;Natal;Formatura,viagem;tecnologia;moda
409,Mochila para notebook e viagem – Versão Compacta,Viagem,176,14,99,Unissex,Aniversário;Natal;Formatura,viagem;tecnologia;moda
410,Mochila para notebook e viagem – Edição Padrão,Viagem,220,14,99,Unissex,Aniversário;Natal;Formatura,viagem;tecnologia;moda
411,Mochila para notebook e viagem – Linha Premium,Viagem,264,14,99,Unissex,Aniversário;Natal;Formatura,viagem;tecnologia;moda
412,Mochila para notebook e viagem – Versão Pro,Viagem,308,14,99,Unissex,Aniversário;Natal;Formatura,viagem;tecnologia;moda
413,Mochila para notebook e viagem – Edição Limitada,Viagem,363,14,99,Unissex,Aniversário;Natal;Formatura,viagem;tecnologia;moda
414,Mapa-múndi de raspar – Linha Básica,Viagem,55,14,99,Unissex,Aniversário;Natal;Amigo Secreto,viagem;decoracao;arte
415,Mapa-múndi de raspar – Linha Essencial,Viagem,72,14,99,Unissex,Aniversário;Natal;Amigo Secreto,viagem;decoracao;arte
416,Mapa-múndi de raspar – Versão Compacta,Viagem,88,14,99,Unissex,Aniversário;Natal;Amigo Secreto,viagem;decoracao;arte
417,Mapa-múndi de raspar – Edição Padrão,Viagem,110,14,99,Unissex,Aniversário;Natal;Amigo Secreto,viagem;decoracao;arte
418,Mapa-múndi de raspar – Linha Premium,Viagem,132,14,99,Unissex,Aniversário;Natal;Amigo Secreto,viagem;decoracao;arte
419,Mapa-múndi de raspar – Versão Pro,Viagem,154,14,99,Unissex,Aniversário;Natal;Amigo Secreto,viagem;decoracao;arte
420,Mapa-múndi de raspar – Edição Limitada,Viagem,182,14,99,Unissex,Aniversário;Natal;Amigo Secreto,viagem;decoracao;arte
421,Cama acolchoada para pets – Linha Básica,Pets,65,12,99,Unissex,Aniversário;Amigo Secreto;Natal,pets;decoracao;bem-estar
422,Cama acolchoada para pets – Linha Essencial,Pets,84,12,99,Unissex,Aniversário;Amigo Secreto;Natal,pets;decoracao;bem-estar
423,Cama acolchoada para pets – Versão Compacta,Pets,104,12,99,Unissex,Aniversário;Amigo Secreto;Natal,pets;decoracao;bem-estar
424,Cama acolchoada para pets – Edição Padrão,Pets,130,12,99,Unissex,Aniversário;Amigo Secreto;Natal,pets;decoracao;bem-estar
425,Cama acolchoada para pets – Linha Premium,Pets,156,12,99,Unissex,Aniversário;Amigo Secreto;Natal,pets;decoracao;bem-estar
426,Cama acolchoada para pets – Versão Pro,Pets,182,12,99,Unissex,Aniversário;Amigo Secreto;Natal,pets;decoracao;bem-estar
427,Cama acolchoada para pets – Edição Limitada,Pets,214,12,99,Unissex,Aniversário;Amigo Secreto;Natal,pets;decoracao;bem-estar
428,Comedouro automático para pets – Linha Básica,Pets,110,16,99,Unissex,Aniversário;Natal,pets;tecnologia;bem-estar
429,Comedouro automático para pets – Linha Essencial,Pets,143,16,99,Unissex,Aniversário;Natal,pets;tecnologia;bem-estar
430,Comedouro automático para pets – Versão Compacta,Pets,176,16,99,Unissex,Aniversário;Natal,pets;tecnologia;bem-estar
431,Comedouro automático para pets – Edição Padrão,Pets,220,16,99,Unissex,Aniversário;Natal,pets;tecnologia;bem-estar
432,Comedouro automático para pets – Linha Premium,Pets,264,16,99,Unissex,Aniversário;Natal,pets;tecnologia;bem-estar
433,Comedouro automático para pets – Versão Pro,Pets,308,16,99,Unissex,Aniversário;Natal,pets;tecnologia;bem-estar
434,Comedouro automático para pets – Edição Limitada,Pets,363,16,99,Unissex,Aniversário;Natal,pets;tecnologia;bem-estar
435,Brinquedo interativo para cães – Linha Básica,Pets,35,12,99,Unissex,Aniversário;Amigo Secreto;Natal,pets;jogos;fitness
436,Brinquedo interativo para cães – Linha Essencial,Pets,46,12,99,Unissex,Aniversário;Amigo Secreto;Natal,pets;jogos;fitness
437,Brinquedo interativo para cães – Versão Compacta,Pets,56,12,99,Unissex,Aniversário;Amigo Secreto;Natal,pets;jogos;fitness
438,Brinquedo interativo para cães – Edição Padrão,Pets,70,12,99,Unissex,Aniversário;Amigo Secreto;Natal,pets;jogos;fitness
439,Brinquedo interativo para cães – Linha Premium,Pets,84,12,99,Unissex,Aniversário;Amigo Secreto;Natal,pets;jogos;fitness
440,Brinquedo interativo para cães – Versão Pro,Pets,98,12,99,Unissex,Aniversário;Amigo Secreto;Natal,pets;jogos;fitness
441,Brinquedo interativo para cães – Edição Limitada,Pets,116,12,99,Unissex,Aniversário;Amigo Secreto;Natal,pets;jogos;fitness
442,Coleira personalizada – Linha Básica,Pets,30,12,99,Unissex,Aniversário;Amigo Secreto;Natal,pets;artesanato;moda
443,Coleira personalizada – Linha Essencial,Pets,39,12,99,Unissex,Aniversário;Amigo Secreto;Natal,pets;artesanato;moda
444,Coleira personalizada – Versão Compacta,Pets,48,12,99,Unissex,Aniversário;Amigo Secreto;Natal,pets;artesanato;moda
445,Coleira personalizada – Edição Padrão,Pets,60,12,99,Unissex,Aniversário;Amigo Secreto;Natal,pets;artesanato;moda
446,Coleira personalizada – Linha Premium,Pets,72,12,99,Unissex,Aniversário;Amigo Secreto;Natal,pets;artesanato;moda
447,Coleira personalizada – Versão Pro,Pets,84,12,99,Unissex,Aniversário;Amigo Secreto;Natal,pets;artesanato;moda
448,Coleira personalizada – Edição Limitada,Pets,99,12,99,Unissex,Aniversário;Amigo Secreto;Natal,pets;artesanato;moda
449,Casinha decorativa para gatos – Linha Básica,Pets,90,14,99,Unissex,Aniversário;Natal,pets;decoracao;artesanato
450,Casinha decorativa para gatos – Linha Essencial,Pets,117,14,99,Unissex,Aniversário;Natal,pets;decoracao;artesanato
451,Casinha decorativa para gatos – Versão Compacta,Pets,144,14,99,Unissex,Aniversário;Natal,pets;decoracao;artesanato
452,Casinha decorativa para gatos – Edição Padrão,Pets,180,14,99,Unissex,Aniversário;Natal,pets;decoracao;artesanato
453,Casinha decorativa para gatos – Linha Premium,Pets,216,14,99,Unissex,Aniversário;Natal,pets;decoracao;artesanato
454,Casinha decorativa para gatos – Versão Pro,Pets,252,14,99,Unissex,Aniversário;Natal,pets;decoracao;artesanato
455,Casinha decorativa para gatos – Edição Limitada,Pets,297,14,99,Unissex,Aniversário;Natal,pets;decoracao;artesanato
456,Kit de higiene para pets – Linha Básica,Pets,45,14,99,Unissex,Aniversário;Amigo Secreto;Natal,pets;bem-estar
457,Kit de higiene para pets – Linha Essencial,Pets,58,14,99,Unissex,Aniversário;Amigo Secreto;Natal,pets;bem-estar
458,Kit de higiene para pets – Versão Compacta,Pets,72,14,99,Unissex,Aniversário;Amigo Secreto;Natal,pets;bem-estar
459,Kit de higiene para pets – Edição Padrão,Pets,90,14,99,Unissex,Aniversário;Amigo Secreto;Natal,pets;bem-estar
460,Kit de higiene para pets – Linha Premium,Pets,108,14,99,Unissex,Aniversário;Amigo Secreto;Natal,pets;bem-estar
461,Kit de higiene para pets – Versão Pro,Pets,126,14,99,Unissex,Aniversário;Amigo Secreto;Natal,pets;bem-estar
462,Kit de higiene para pets – Edição Limitada,Pets,148,14,99,Unissex,Aniversário;Amigo Secreto;Natal,pets;bem-estar
463,Difusor de aromas com luz – Linha Básica,Casa & Decoração,60,16,99,Unissex,Aniversário;Natal;Casamento,decoracao;bem-estar;beleza
464,Difusor de aromas com luz – Linha Essencial,Casa & Decoração,78,16,99,Unissex,Aniversário;Natal;Casamento,decoracao;bem-estar;beleza
465,Difusor de aromas com luz – Versão Compacta,Casa & Decoração,96,16,99,Unissex,Aniversário;Natal;Casamento,decoracao;bem-estar;beleza
466,Difusor de aromas com luz – Edição Padrão,Casa & Decoração,120,16,99,Unissex,Aniversário;Natal;Casamento,decoracao;bem-estar;beleza
467,Difusor de aromas com luz – Linha Premium,Casa & Decoração,144,16,99,Unissex,Aniversário;Natal;Casamento,decoracao;bem-estar;beleza
468,Difusor de aromas com luz – Versão Pro,Casa & Decoração,168,16,99,Unissex,Aniversário;Natal;Casamento,decoracao;bem-estar;beleza
469,Difusor de aromas com luz – Edição Limitada,Casa & Decoração,198,16,99,Unissex,Aniversário;Natal;Casamento,decoracao;bem-estar;beleza
470,Conjunto de almofadas decorativas – Linha Básica,Casa & Decoração,70,16,99,Unissex,Casamento;Natal;Chá de Bebê,decoracao;artesanato
471,Conjunto de almofadas decorativas – Linha Essencial,Casa & Decoração,91,16,99,Unissex,Casamento;Natal;Chá de Bebê,decoracao;artesanato
472,Conjunto de almofadas decorativas – Versão Compacta,Casa & Decoração,112,16,99,Unissex,Casamento;Natal;Chá de Bebê,decoracao;artesanato
473,Conjunto de almofadas decorativas – Edição Padrão,Casa & Decoração,140,16,99,Unissex,Casamento;Natal;Chá de Bebê,decoracao;artesanato
474,Conjunto de almofadas decorativas – Linha Premium,Casa & Decoração,168,16,99,Unissex,Casamento;Natal;Chá de Bebê,decoracao;artesanato
475,Conjunto de almofadas decorativas – Versão Pro,Casa & Decoração,196,16,99,Unissex,Casamento;Natal;Chá de Bebê,decoracao;artesanato
476,Conjunto de almofadas decorativas – Edição Limitada,Casa & Decoração,231,16,99,Unissex,Casamento;Natal;Chá de Bebê,decoracao;artesanato
477,Vaso decorativo de cerâmica – Linha Básica,Casa & Decoração,50,16,99,Unissex,Casamento;Aniversário;Natal,decoracao;arte;jardinagem
478,Vaso decorativo de cerâmica – Linha Essencial,Casa & Decoração,65,16,99,Unissex,Casamento;Aniversário;Natal,decoracao;arte;jardinagem
479,Vaso decorativo de cerâmica – Versão Compacta,Casa & Decoração,80,16,99,Unissex,Casamento;Aniversário;Natal,decoracao;arte;jardinagem
480,Vaso decorativo de cerâmica – Edição Padrão,Casa & Decoração,100,16,99,Unissex,Casamento;Aniversário;Natal,decoracao;arte;jardinagem
481,Vaso decorativo de cerâmica – Linha Premium,Casa & Decoração,120,16,99,Unissex,Casamento;Aniversário;Natal,decoracao;arte;jardinagem
482,Vaso decorativo de cerâmica – Versão Pro,Casa & Decoração,140,16,99,Unissex,Casamento;Aniversário;Natal,decoracao;arte;jardinagem
483,Vaso decorativo de cerâmica – Edição Limitada,Casa & Decoração,165,16,99,Unissex,Casamento;Aniversário;Natal,decoracao;arte;jardinagem
484,Kit de jardinagem para apartamento – Linha Básica,Casa & Decoração,48,16,99,Unissex,Aniversário;Natal;Dia das Mães,jardinagem;decoracao;bem-estar
485,Kit de jardinagem para apartamento – Linha Essencial,Casa & Decoração,62,16,99,Unissex,Aniversário;Natal;Dia das Mães,jardinagem;decoracao;bem-estar
486,Kit de jardinagem para apartamento – Versão Compacta,Casa & Decoração,76,16,99,Unissex,Aniversário;Natal;Dia das Mães,jardinagem;decoracao;bem-estar
487,Kit de jardinagem para apartamento – Edição Padrão,Casa & Decoração,95,16,99,Unissex,Aniversário;Natal;Dia das Mães,jardinagem;decoracao;bem-estar
488,Kit de jardinagem para apartamento – Linha Premium,Casa & Decoração,114,16,99,Unissex,Aniversário;Natal;Dia das Mães,jardinagem;decoracao;bem-estar
489,Kit de jardinagem para apartamento – Versão Pro,Casa & Decoração,133,16,99,Unissex,Aniversário;Natal;Dia das Mães,jardinagem;decoracao;bem-estar
490,Kit de jardinagem para apartamento – Edição Limitada,Casa & Decoração,157,16,99,Unissex,Aniversário;Natal;Dia das Mães,jardinagem;decoracao;bem-estar
491,Luminária de mesa minimalista – Linha Básica,Casa & Decoração,80,16,99,Unissex,Aniversário;Casamento;Natal,decoracao;tecnologia
492,Luminária de mesa minimalista – Linha Essencial,Casa & Decoração,104,16,99,Unissex,Aniversário;Casamento;Natal,decoracao;tecnologia
493,Luminária de mesa minimalista – Versão Compacta,Casa & Decoração,128,16,99,Unissex,Aniversário;Casamento;Natal,decoracao;tecnologia
494,Luminária de mesa minimalista – Edição Padrão,Casa & Decoração,160,16,99,Unissex,Aniversário;Casamento;Natal,decoracao;tecnologia
495,Luminária de mesa minimalista – Linha Premium,Casa & Decoração,192,16,99,Unissex,Aniversário;Casamento;Natal,decoracao;tecnologia
496,Luminária de mesa minimalista – Versão Pro,Casa & Decoração,224,16,99,Unissex,Aniversário;Casamento;Natal,decoracao;tecnologia
497,Luminária de mesa minimalista – Edição Limitada,Casa & Decoração,264,16,99,Unissex,Aniversário;Casamento;Natal,decoracao;tecnologia
498,Jogo de toalhas de banho – Linha Básica,Casa & Decoração,65,16,99,Unissex,Casamento;Chá de Bebê;Natal,decoracao;bem-estar
499,Jogo de toalhas de banho – Linha Essencial,Casa & Decoração,84,16,99,Unissex,Casamento;Chá de Bebê;Natal,decoracao;bem-estar
500,Jogo de toalhas de banho – Versão Compacta,Casa & Decoração,104,16,99,Unissex,Casamento;Chá de Bebê;Natal,decoracao;bem-estar
501,Jogo de toalhas de banho – Edição Padrão,Casa & Decoração,130,16,99,Unissex,Casamento;Chá de Bebê;Natal,decoracao;bem-estar
502,Jogo de toalhas de banho – Linha Premium,Casa & Decoração,156,16,99,Unissex,Casamento;Chá de Bebê;Natal,decoracao;bem-estar
503,Jogo de toalhas de banho – Versão Pro,Casa & Decoração,182,16,99,Unissex,Casamento;Chá de Bebê;Natal,decoracao;bem-estar
504,Jogo de toalhas de banho – Edição Limitada,Casa & Decoração,214,16,99,Unissex,Casamento;Chá de Bebê;Natal,decoracao;bem-estar
